hora,codigo_materia,seccion,codigo_aula,dias_habiles
06:45 AM,ARQ233,1168,05/301,1234
07:00 AM,MEC306,1220,01/108,12345
07:00 AM,DDM109,1192,01/201,24
07:00 AM,DDM202,1193,01/201,13
07:00 AM,QUI101,1361,01/202,1234
07:00 AM,MAT205,1404,01/204,12345
07:00 AM,ADM103,1496,01/205,1234
07:00 AM,SOC101,1647,01/206,123
07:00 AM,GST306,1929,01/207,123
07:00 AM,MAT002,2002,01/208,12345
07:00 AM,MAT101,2001,01/208,12345
07:00 AM,ESP101,1650,01/209,1234
07:00 AM,ESP103,1649,01/209,1234
07:00 AM,DER105,1448,01/210,1234
07:00 AM,MAT210,2029,01/302,12345
07:00 AM,FIS203,1367,01/303,12345
07:00 AM,HIS101,1059,01/304,123
07:00 AM,FIL101,1613,01/305,123
07:00 AM,ADM401,1497,01/306,1234
07:00 AM,MAT103,1580,01/401,12345
07:00 AM,MAT102,1348,01/404,12345
07:00 AM,MAT102,1157,01/405,12345
07:00 AM,MAT106,1595,01/407,12345
07:00 AM,FIS201,1368,01/408,12345
07:00 AM,FIS202,1370,01/409,12345
07:00 AM,ESP101,1052,01/410,1234
07:00 AM,ESP103,1051,01/410,1234
07:00 AM,MAT002,1074,01/411,12345
07:00 AM,MAT101,1073,01/411,12345
07:00 AM,ENE302,1264,03/102,6
07:00 AM,CIV301,1229,03/203,1234
07:00 AM,CPO101,1986,03/204,123
07:00 AM,CPO101,1419,03/204,123
07:00 AM,MER202,1503,03/205,1234
07:00 AM,DER223,1443,03/207,1234
07:00 AM,DER304,1447,03/208,1234
07:00 AM,ADM408,1720,03/209,1234
07:00 AM,CIV302,1228,03/302,1234
07:00 AM,CIV322,1227,03/302,1234
07:00 AM,CIV311,1226,03/303,1234
07:00 AM,FIN208,1671,03/305,1234
07:00 AM,FRA102,1616,03/307,1234
07:00 AM,DER205,1450,03/308,1234
07:00 AM,ING105,1062,03/310,1234
07:00 AM,POR103,1639,03/405,1234
07:00 AM,DER113,1446,03/408,12345
07:00 AM,INV201,1337,03/410,1234
07:00 AM,TLL314,1336,03/410,1234
07:00 AM,CCC104,1559,03/411,1234
07:00 AM,BMD304,1276,05/302,1234
07:00 AM,MDE306,1771,05/304,1235
07:00 AM,NUE201,1268,05/305,34
07:00 AM,BMD309,1279,05/402,1234
07:00 AM,MDE103,1091,05/408,1234
07:00 AM,MDE209,1125,05/501,234
07:00 AM,NUE309,1288,05/502,12
07:00 AM,NUE311,1300,05/502,45
07:00 AM,MDE308,1775,05/704,1234
07:00 AM,TEL203,1320,06/301,6
07:00 AM,TEL204,1322,06/301,1234
07:00 AM,TEL312,1321,06/301,6
07:00 AM,TEL313,1323,06/301,1234
07:00 AM,LCC104,1085,06/307,1234
07:00 AM,COM214,1830,06/308,1234
07:00 AM,MEC301,1218,06/310,12345
07:00 AM,MDE107,1109,07/102,12345
07:00 AM,MDE107,1928,07/103,12345
07:00 AM,MDE504,1692,07/104,12345
07:00 AM,MDE308,1772,07/109,1234
07:00 AM,MDE405,1706,07/201,12345
07:00 AM,MDE214,1130,07/202,123
07:00 AM,MDE216,1135,07/202,45
07:00 AM,MDE206,1118,07/204,123
07:00 AM,MDE203,1115,07/301,235
07:00 AM,PSE402,1377,07/302,1234
07:00 AM,NUE304,1296,07/303,234
07:00 AM,MDE501,1700,07/305,12345
07:00 AM,PSE103,1395,07/306,1234
07:00 AM,MDE105,1098,07/307,1234
07:00 AM,MDE107,1106,07/EF1,12345
07:00 AM,MDE107,1103,07/EF2,12345
07:00 AM,MDE403A,1715,07/LFT,12345
07:00 AM,NUE302,1292,07/NUT,1234
07:00 AM,DCD503,1359,07/SM7,5
07:00 AM,DCD301,1151,07/SM9,123
07:00 AM,DCD402,1314,07/SM9,5
07:00 AM,DCD409,1351,07/SM9,4
07:00 AM,DCD406,1316,CL/CLO,4
07:00 AM,DCD502,1353,CL/CLO,6
07:00 AM,IND432,1761,FI/IND,1234
07:00 AM,GST106,1907,GS/CP,123
07:00 AM,GST303,1916,GS/CPR,456
07:00 AM,GST404,1909,GS/CPR,123
07:00 AM,EMP402,1546,HU/PO2,1234
07:00 AM,CCC593,2006,PG/CCC,1234
07:00 AM,CCC594,2007,PG/CCC,1234
08:10 AM,ARQ209,1172,05/301,1234
08:30 AM,MAT002,1076,01/106,12345
08:30 AM,MAT101,1075,01/106,12345
08:30 AM,DER104,1455,01/108,1234
08:30 AM,DDM104,1204,01/201,24
08:30 AM,DDM104,1203,01/201,13
08:30 AM,ESP101,1652,01/202,1234
08:30 AM,ESP103,1651,01/202,1234
08:30 AM,MEC309,1221,01/203,12345
08:30 AM,SOC101,1195,01/204,123
08:30 AM,EMP401,1549,01/205,1234
08:30 AM,HIS101,1623,01/206,123
08:30 AM,GST310,1930,01/207,123
08:30 AM,DER204,1452,01/208,12345
08:30 AM,ESP101,1054,01/209,1234
08:30 AM,ESP103,1053,01/209,1234
08:30 AM,GST308,1927,01/210,1234
08:30 AM,BIO202,1362,01/301,1234
08:30 AM,MAT105,1590,01/302,12345
08:30 AM,FIL101,1612,01/304,123
08:30 AM,SOC101,1645,01/305,123
08:30 AM,GST102,1143,01/307,123
08:30 AM,ADM102,1493,01/310,1234
08:30 AM,ESP102,1668,01/402,1234
08:30 AM,MAT102,1586,01/403,12345
08:30 AM,DER215,1478,01/404,1234
08:30 AM,MAT102,1583,01/405,12345
08:30 AM,MAT107,1579,01/407,12345
08:30 AM,FIS202,1371,01/408,12345
08:30 AM,FIS201,1369,01/409,12345
08:30 AM,MAT301,1405,01/410,12345
08:30 AM,MAT210,1598,01/411,12345
08:30 AM,ARQ406,1171,02/403,134
08:30 AM,FRA101,1138,02/405,1234
08:30 AM,ART105,1721,02/406,1234
08:30 AM,ARQ407,1170,03/101,5
08:30 AM,DGR305,1725,03/101,1234
08:30 AM,DGR405,1998,03/101,1234
08:30 AM,ING107,1500,03/102,1234
08:30 AM,DER225,1489,03/104,6
08:30 AM,COM213,1813,03/203,1234
08:30 AM,REL307,1422,03/204,1234
08:30 AM,REL321,1421,03/204,1234
08:30 AM,CIV310,1919,03/205,12345
08:30 AM,CIV324,1915,03/205,12345
08:30 AM,CCC403,1691,03/206,1234
08:30 AM,DER206,1454,03/207,12345
08:30 AM,COM203,1828,03/208,1234
08:30 AM,ING111,1502,03/209,1234
08:30 AM,ADM102,1996,03/210,1234
08:30 AM,ADM102,1987,03/210,1234
08:30 AM,ITA101,1139,03/302,1234
08:30 AM,ART106,1818,03/303,1234
08:30 AM,ITA101,1630,03/303,6
08:30 AM,ADM306,1626,03/304,6
08:30 AM,INF401,1571,03/304,1234
08:30 AM,ECO210,1662,03/305,6
08:30 AM,INV201,1339,03/305,1234
08:30 AM,TLL314,1338,03/305,1234
08:30 AM,ALE101,1140,03/306,1234
08:30 AM,FRA103,1618,03/307,1234
08:30 AM,DER111,1456,03/309,1234
08:30 AM,DDM308,1211,03/310,24
08:30 AM,DER324,1451,03/405,5
08:30 AM,POR101,1141,03/405,1234
08:30 AM,CPO307,1427,03/406,1234
08:30 AM,MER315,1505,03/407,1234
08:30 AM,CON211,1676,03/408,6
08:30 AM,DEP113,1681,03/408,5
08:30 AM,MER304,1504,03/408,1234
08:30 AM,MER204,1512,03/409,1234
08:30 AM,ECO303,1674,03/410,1234
08:30 AM,CCC216,1562,03/411,1234
08:30 AM,BMD307,1333,05/302,1234
08:30 AM,ECO211,1665,05/303,1234
08:30 AM,NUE312,1301,05/305,12
08:30 AM,ING116,1071,05/401,1234
08:30 AM,ING105,1063,05/402,1234
08:30 AM,MDE105,1102,05/403,2345
08:30 AM,MDE103,1095,05/404,1234
08:30 AM,MDE104,1099,05/406,12345
08:30 AM,ING112,1523,05/407,1234
08:30 AM,MDE101,1088,05/408,12345
08:30 AM,PSE216,1335,05/503,1234
08:30 AM,PSE319,1387,05/505,1234
08:30 AM,BMD423,1332,05/601,1234
08:30 AM,MDE102,1097,05/602,1234
08:30 AM,MDE401,1713,05/603,12345
08:30 AM,DGR308,1724,05/703,1234
08:30 AM,ADI101,1722,06/103,1234
08:30 AM,ADI404,1950,06/110,34
08:30 AM,ADI108,1726,06/303,1234
08:30 AM,LCC104,1158,06/305,1234
08:30 AM,LCC104,1086,06/307,1234
08:30 AM,COM318,1831,06/308,1234
08:30 AM,DGR204,1727,06/308,1234
08:30 AM,MER211,1507,06/308,5
08:30 AM,MER102,1506,06/310,6
08:30 AM,MDE404A,1710,07/203,12345
08:30 AM,MDE304,1767,07/204,4
08:30 AM,MDE304,1766,07/204,5
08:30 AM,NUE208,1280,07/302,12345
08:30 AM,PSE205,1392,07/306,1234
08:30 AM,MDE102,1092,07/307,1234
08:30 AM,DCD201,1149,07/SM8,23
08:30 AM,DCD205,1963,07/SM8,5
08:30 AM,DCD310,1154,CL/CLO,135
08:30 AM,DDM309,1208,CO/TLL,13
08:30 AM,DDM401,1209,CO/TLL,5
08:30 AM,IND203,1904,FI/IND,12345
08:30 AM,GST107,1913,GS/CP,456
08:30 AM,GST408,1911,GS/CPR,123
08:30 AM,GST410,1918,GS/CPR,456
08:30 AM,EMP304,1547,HU/PO2,1234
08:30 AM,ARQ592,1175,PG/ARQ,1234
08:30 AM,ARQ594,1174,PG/ARQ,1234
08:30 AM,ESP101,1980,VA/TUR,1234
10:10 AM,CIV508,1243,01/105,1234
10:10 AM,MAT102,1587,01/106,12345
10:10 AM,PSE110,1396,01/203,1234
10:10 AM,MAT301,1406,01/204,12345
10:10 AM,EMP402,1550,01/205,1234
10:10 AM,HIS101,1621,01/206,123
10:10 AM,CON203,1675,01/207,1234
10:10 AM,DER439,1458,01/208,1234
10:10 AM,TLL310,1648,01/209,123
10:10 AM,DER305,1453,01/210,1234
10:10 AM,MAT210,1599,01/211,12345
10:10 AM,BIO202,1363,01/301,1234
10:10 AM,MAT203,1600,01/302,12345
10:10 AM,FIL101,1060,01/304,123
10:10 AM,SOC101,1646,01/305,123
10:10 AM,GST104,1144,01/307,123
10:10 AM,REH302,1541,01/310,1234
10:10 AM,MAT002,1078,01/401,12345
10:10 AM,MAT101,1077,01/401,12345
10:10 AM,MAT103,1990,01/402,12345
10:10 AM,CIV316,1247,01/403,1234
10:10 AM,QUI101,1578,01/404,1234
10:10 AM,FIN417,1678,01/405,1234
10:10 AM,ART104,1606,01/407,1234
10:10 AM,FIN401,1659,01/408,1234
10:10 AM,ESP101,1654,01/409,1234
10:10 AM,ESP103,1653,01/409,1234
10:10 AM,MAT302,1407,01/410,12345
10:10 AM,MAT102,1584,01/411,12345
10:10 AM,ARQ210,1176,02/404,134
10:10 AM,FRA102,1619,02/405,1234
10:10 AM,ART105,1728,02/406,1234
10:10 AM,ING108,1526,03/101,1234
10:10 AM,MER205,1508,03/102,1234
10:10 AM,ARQ317,1177,03/103,134
10:10 AM,ING114,1068,03/104,1234
10:10 AM,COM403,1814,03/203,1234
10:10 AM,MER101,1050,03/204,123
10:10 AM,MER101,1539,03/204,123
10:10 AM,CIV319,1239,03/205,1234
10:10 AM,CIV325,1238,03/205,1234
10:10 AM,CDD302,1572,03/206,1234
10:10 AM,COM105,1807,03/207,1234
10:10 AM,COM201,1829,03/208,1234
10:10 AM,COM207,1838,03/209,1234
10:10 AM,DER107,1457,03/210,1234
10:10 AM,ITA104,1628,03/302,1234
10:10 AM,ART106,1819,03/303,1234
10:10 AM,POR103,1640,03/304,1234
10:10 AM,ADM410,1424,03/305,1234
10:10 AM,REL323,1423,03/305,1234
10:10 AM,ALE102,1602,03/306,1234
10:10 AM,FRA104,1620,03/307,1234
10:10 AM,LCI302,1747,03/307,5
10:10 AM,MAN104,1634,03/308,1234
10:10 AM,DER103,1460,03/309,1234
10:10 AM,POR102,1637,03/405,1234
10:10 AM,REL401,1425,03/406,1234
10:10 AM,MER312,1515,03/407,1234
10:10 AM,MER207,1513,03/408,1234
10:10 AM,MER204,1511,03/409,1234
10:10 AM,INV201,1341,03/410,1234
10:10 AM,TLL314,1340,03/410,1234
10:10 AM,CCC108,1563,03/411,12345
10:10 AM,CCC207,1564,03/411,12345
10:10 AM,SEL308,1267,05/301,1234
10:10 AM,FIN302,1660,05/302,1234
10:10 AM,ECO102,1664,05/303,1234
10:10 AM,BMD420,1331,05/401,1234
10:10 AM,ING111,1524,05/402,1234
10:10 AM,ING109,1528,05/403,1234
10:10 AM,ING113,1065,05/405,1234
10:10 AM,ING110,1527,05/406,1234
10:10 AM,ING106,1525,05/407,1234
10:10 AM,NUE305,1298,05/503,1234
10:10 AM,PSE219,1391,05/505,1234
10:10 AM,CON204,1667,05/506,12345
10:10 AM,BMD308,1278,05/601,1234
10:10 AM,PSE316,1384,05/602,1234
10:10 AM,DEP107,1609,05/604,1234
10:10 AM,DGR104,1735,05/701,1234
10:10 AM,ADI405,1737,05/702,1234
10:10 AM,ADI201,1731,05/703,1234
10:10 AM,NUE205,1281,05/704,12345
10:10 AM,ADI102,1732,06/103,1234
10:10 AM,TEL205,1376,06/301,1234
10:10 AM,IND431,1800,06/302,12345
10:10 AM,COM429,1733,06/303,1234
10:10 AM,COM214,1968,06/304,1234
10:10 AM,LCC104,1159,06/305,1234
10:10 AM,LCC101,1165,06/307,12
10:10 AM,LCC102,1166,06/307,34
10:10 AM,DGR409,1736,06/308,1234
10:10 AM,DGR304,1997,06/309,1234
10:10 AM,DGR407,1734,06/309,1234
10:10 AM,DGR205,1729,06/310,1234
10:10 AM,DGR303,1730,06/310,1234
10:10 AM,MDE205,1119,07/102,12345
10:10 AM,MDE210,1128,07/103,12345
10:10 AM,MDE106,1104,07/202,12345
10:10 AM,MDE301,1136,07/204,123
10:10 AM,MDE310,1776,07/302,12345
10:10 AM,NUE301,1294,07/303,345
10:10 AM,PSE215,1388,07/306,1234
10:10 AM,MDE102,1093,07/307,1234
10:10 AM,MDE215,1131,07/EF1,1234
10:10 AM,MDE108,1107,07/EF2,12345
10:10 AM,DCD408,1319,07/SM7,1235
10:10 AM,DCD302,1153,07/SM9,123
10:10 AM,DCD501,1355,CL/CLO,1234
10:10 AM,IND305,1499,FI/FAB,1234
10:10 AM,BIO301,1792,FI/IND,1234
10:10 AM,EMP401,1551,HU/PO2,1234
10:10 AM,ARQ593,1179,PG/ARQ,1234
10:10 AM,ARQ595,1178,PG/ARQ,1234
10:10 AM,DEP105,1607,POLID,1234
11:30 AM,BMD312,1326,01/105,12345
11:30 AM,MAT102,1588,01/106,12345
11:30 AM,CON319,1680,01/107,1234
11:30 AM,MAT105,1591,01/108,12345
11:30 AM,DCD101,1148,01/202,12345
11:30 AM,GST309,1926,01/207,123
11:30 AM,DER214,1461,01/210,1234
11:30 AM,MAT203,1601,01/302,12345
11:30 AM,BIO201,1364,01/303,1234
11:30 AM,HIS101,1061,01/304,123
11:30 AM,GST105,1934,01/307,123
11:30 AM,ADM102,1494,01/310,1234
11:30 AM,MAT103,1589,01/401,12345
11:30 AM,FIL101,1610,01/402,123
11:30 AM,MAT102,1585,01/403,12345
11:30 AM,INV201,1976,01/405,1234
11:30 AM,TLL314,1975,01/405,1234
11:30 AM,ESP101,1058,01/407,1234
11:30 AM,ESP103,1057,01/407,1234
11:30 AM,FIN402,1657,01/408,1234
11:30 AM,MAT002,1080,01/411,12345
11:30 AM,MAT101,1079,01/411,12345
11:30 AM,CIV321,1310,02/403,1234
11:30 AM,FRA104,1615,02/405,1234
11:30 AM,ING108,1530,03/101,1234
11:30 AM,ALE103,1603,03/102,1234
11:30 AM,ING114,1067,03/104,1234
11:30 AM,COM208,1815,03/203,1234
11:30 AM,COM212,1999,03/203,1234
11:30 AM,DGR108,1816,03/203,1234
11:30 AM,CIV315,1246,03/205,1234
11:30 AM,INF201,1575,03/206,1234
11:30 AM,IND432,1764,03/208,1234
11:30 AM,COM428,1839,03/209,1234
11:30 AM,DER114,1463,03/210,12345
11:30 AM,CIV402,1240,03/303,1234
11:30 AM,ENE301,1719,03/303,1234
11:30 AM,POR102,1638,03/304,1234
11:30 AM,ITA103,1627,03/305,1234
11:30 AM,CCC105,1576,03/306,1234
11:30 AM,FRA101,1614,03/307,1234
11:30 AM,MAN102,1631,03/308,1234
11:30 AM,POR104,1641,03/405,1234
11:30 AM,HIS103,1420,03/406,123
11:30 AM,DER432,1459,03/407,1234
11:30 AM,MER207,1514,03/408,1234
11:30 AM,INV201,1343,03/410,1234
11:30 AM,TLL314,1342,03/410,1234
11:30 AM,ADM304,1498,03/411,1234
11:30 AM,SEL407,1275,05/301,1234
11:30 AM,FIN401,1661,05/302,1234
11:30 AM,ECO201,1663,05/303,1234
11:30 AM,BMD303,1759,05/401,1234
11:30 AM,ING105,1064,05/402,1234
11:30 AM,ING109,1531,05/403,1234
11:30 AM,PSE419,1378,05/404,1234
11:30 AM,ING115,1069,05/405,1234
11:30 AM,ING112,1532,05/406,1234
11:30 AM,ING106,1529,05/407,1234
11:30 AM,SOC101,2003,05/408,123
11:30 AM,SOC101,1643,05/408,123
11:30 AM,MDE105,1100,05/501,1234
11:30 AM,NUE404,1304,05/502,1234
11:30 AM,PSE326,1380,05/505,1234
11:30 AM,CON101,1670,05/506,12345
11:30 AM,CON204,1666,05/506,12345
11:30 AM,COM215,1823,06/102,1234
11:30 AM,DGR203,1745,06/103,1234
11:30 AM,ADI205,1746,06/110,1234
11:30 AM,IND431,1801,06/302,12345
11:30 AM,CIV103,1952,06/303,123
11:30 AM,LCI101,1242,06/303,123
11:30 AM,DGR101,1739,06/304,1234
11:30 AM,DGR107,1738,06/304,1234
11:30 AM,LCC104,1160,06/305,1234
11:30 AM,LCC104,1087,06/307,1234
11:30 AM,COM218,1825,06/308,1234
11:30 AM,IND404,1796,06/309,12345
11:30 AM,ADI303,1752,06/310,1234
11:30 AM,MDE102,1096,07/102,2345
11:30 AM,MDE205,1122,07/202,12345
11:30 AM,PSE107,1398,07/204,1234
11:30 AM,NUE402,1303,07/302,123
11:30 AM,NUE101,1266,07/303,13
11:30 AM,PSE312,1389,07/306,1234
11:30 AM,MDE106,1108,07/307,12345
11:30 AM,MDE108,1105,07/EF2,123
11:30 AM,NUE202,1271,07/NUT,1234
11:30 AM,IND403,1795,FI/IND,1234
11:30 AM,SEL902,2017,FI/TE,1
11:30 AM,TEL902,2018,FI/TE,2
11:30 AM,TEL904,2020,FI/TE,4
11:30 AM,TEL904,2019,FI/TE,3
11:30 AM,EMP401,1552,HU/PO2,1234
11:30 AM,DEP101,1608,POLID,1234
01:00 PM,SEL307,1285,01/105,12345
01:00 PM,SEL313,1283,01/105,12345
01:00 PM,MAT107,1403,01/106,12345
01:00 PM,FIN302,1682,01/107,1234
01:00 PM,DDM205,1213,01/201,24
01:00 PM,ESP101,1656,01/204,1234
01:00 PM,ESP103,1655,01/204,1234
01:00 PM,MEC300,1219,01/205,1234
01:00 PM,HIS101,1622,01/206,123
01:00 PM,MAT109,1596,01/302,12345
01:00 PM,FIL101,1611,01/304,123
01:00 PM,MDE204,1116,01/404,12345
01:00 PM,DER425,1473,01/406,1234
01:00 PM,FIN313,1658,01/408,1234
01:00 PM,SOC101,1644,01/409,123
01:00 PM,ARQ110,1181,02/403,1234
01:00 PM,ARQ336,1409,02/404,134
01:00 PM,FRA103,1617,02/405,1234
01:00 PM,ING107,1534,03/101,1234
01:00 PM,MER312,1510,03/102,1234
01:00 PM,ALE104,1604,03/103,1234
01:00 PM,ING109,1533,03/104,1234
01:00 PM,HIS102,1985,03/204,123
01:00 PM,HIS102,1417,03/204,123
01:00 PM,ART106,1808,03/205,1234
01:00 PM,ADI204,1748,03/207,1234
01:00 PM,COM301,1840,03/209,1234
01:00 PM,DER202,1465,03/210,12345
01:00 PM,CIV320,1245,03/303,1234
01:00 PM,LCP104,1942,03/304,5
01:00 PM,POR104,1642,03/304,1234
01:00 PM,ITA102,1625,03/305,1234
01:00 PM,ECO201,1688,03/307,1234
01:00 PM,MAN103,1632,03/308,1234
01:00 PM,CCC108,1565,03/309,12345
01:00 PM,CCC207,1566,03/309,12345
01:00 PM,DDM103,1212,03/310,135
01:00 PM,CCC211,1570,03/405,1234
01:00 PM,CIV202,1903,03/407,1234
01:00 PM,INV201,1345,03/409,1234
01:00 PM,TLL314,1344,03/409,1234
01:00 PM,DGR202,1749,03/410,1234
01:00 PM,LCP105,1943,03/410,5
01:00 PM,CCC208,1577,03/411,1234
01:00 PM,SEL405,1269,05/302,1234
01:00 PM,COM320,1834,05/303,1234
01:00 PM,MDE309,1777,05/304,1234
01:00 PM,ING111,1536,05/402,1234
01:00 PM,BMD305,1277,05/403,1234
01:00 PM,ING113,1066,05/405,1234
01:00 PM,ING110,1537,05/406,1234
01:00 PM,ING112,1535,05/407,1234
01:00 PM,PSE418,1379,05/505,1234
01:00 PM,CON308,1669,05/506,12345
01:00 PM,SEL406,1309,05/604,12345
01:00 PM,SEL408,1307,05/604,12345
01:00 PM,DDM204,1216,06/102,13
01:00 PM,ART108,1832,06/108,1234
01:00 PM,ADI310,1751,06/110,1234
01:00 PM,CCC214,1375,06/303,1234
01:00 PM,LCC104,1161,06/305,1234
01:00 PM,LCP104,1941,06/306,5
01:00 PM,IND515,1793,06/307,12345
01:00 PM,DGR400,1750,06/308,1234
01:00 PM,IND302,1794,06/310,1234
01:00 PM,MDE202,1110,07/102,234
01:00 PM,NUE303,1295,07/103,123
01:00 PM,MDE101,1089,07/201,2345
01:00 PM,MDE103,1094,07/202,1234
01:00 PM,MDE312,1781,07/204,45
01:00 PM,MDE314,1780,07/204,123
01:00 PM,NUE207,1501,07/301,1234
01:00 PM,NUE211,1287,07/301,5
01:00 PM,PSE212,1397,07/306,1234
01:00 PM,MDE104,1101,07/307,12345
01:00 PM,PSE218,1394,07/EF1,1234
01:00 PM,DCD102,1147,07/SM7,6
01:00 PM,DCD407,1317,07/SM7,24
01:00 PM,DCD204,1150,07/SM8,13
01:00 PM,DCD208,1401,07/SM8,24
01:00 PM,DCD308,1402,07/SM9,6
01:00 PM,DCD309,1313,CL/CLO,24
01:00 PM,DCD405,1318,CL/CLO,135
01:00 PM,DDM306,1194,CO/TLL,24
01:00 PM,DDM405,1210,CO/TLL,13
01:00 PM,LARQ336,1410,FI/CIV,2
01:00 PM,GST402,1935,GS/CE,1234
01:00 PM,GST103,1908,GS/CP,123
01:00 PM,GST202,1914,GS/CP,456
01:00 PM,GST205,1912,GS/CPR,123
01:00 PM,GST301,1917,GS/CPR,456
01:00 PM,EMP402,1554,HU/PO2,1234
01:00 PM,DDM305,1215,MO/LAB,13
01:00 PM,DDM404,1214,MO/LAB,24
01:00 PM,CCC595,1573,PG/CCC,1234
01:00 PM,CCC596,1574,PG/CCC,1234
02:20 PM,SEL309,1302,01/106,12345
02:20 PM,SEL314,1297,01/106,12345
02:20 PM,FIN303,1683,01/107,1234
02:20 PM,MAT109,1597,01/108,12345
02:20 PM,EMP402,1555,01/209,1234
02:20 PM,MAT105,1592,01/302,12345
02:20 PM,FIS203,1366,01/304,12345
02:20 PM,DER217,1469,01/403,1234
02:20 PM,DER325,1467,01/404,1234
02:20 PM,DER320,1466,01/406,1234
02:20 PM,ARQ409,1187,02/403,134
02:20 PM,ARQ107,1183,02/406,13
02:20 PM,ARQ201,1184,02/406,24
02:20 PM,CIV104,1248,02/407,1234
02:20 PM,ING108,1538,03/101,1234
02:20 PM,MER205,1509,03/102,1234
02:20 PM,MAT102,1581,03/103,12345
02:20 PM,ARQ314,1186,03/104,134
02:20 PM,ART106,1809,03/205,1234
02:20 PM,COM315,1827,03/208,1234
02:20 PM,IND434,1837,03/303,1234
02:20 PM,POR101,1636,03/304,1234
02:20 PM,DER224,1940,03/306,1234
02:20 PM,ECO204,1687,03/307,1234
02:20 PM,CCC417,1791,03/309,1234
02:20 PM,ADM407,1522,03/405,1234
02:20 PM,ARQ415,1188,03/406,1234
02:20 PM,TUR308,1438,03/408,12345
02:20 PM,INV201,1347,03/409,1234
02:20 PM,TLL314,1346,03/409,1234
02:20 PM,DGR200,1758,03/410,1234
02:20 PM,TEL314,1265,05/301,1234
02:20 PM,COM321,1835,05/303,1234
02:20 PM,SEL303,1312,05/402,1234
02:20 PM,ENE411,1199,05/403,1234
02:20 PM,ING115,1070,05/405,1234
02:20 PM,ING116,1072,05/406,1234
02:20 PM,BMD424,1414,05/407,1234
02:20 PM,BMD203,1274,05/601,1234
02:20 PM,ADI103,1755,06/103,1234
02:20 PM,ADI309,1757,06/110,1234
02:20 PM,TEL201,1967,06/301,1234
02:20 PM,TEL202,1760,06/301,1234
02:20 PM,ADI311,1756,06/304,1234
02:20 PM,LCC101,1163,06/305,34
02:20 PM,LCC102,1162,06/305,12
02:20 PM,IND404,1797,06/307,12345
02:20 PM,DGR101,1753,06/309,1234
02:20 PM,CIV404,1237,06/310,1234
02:20 PM,CIV414,1311,06/310,1234
02:20 PM,PSE408,1381,07/102,1234
02:20 PM,MDE213,1132,07/103,123
02:20 PM,MDE207,1123,07/201,2345
02:20 PM,MDE201,1117,07/202,12345
02:20 PM,MDE216,1133,07/302,45
02:20 PM,MDE216,1134,07/303,45
02:20 PM,NUE308,1290,07/303,34
02:20 PM,MDE302,1137,07/EF1,12345
02:20 PM,MDE207,1120,07/EF2,2345
02:20 PM,LCI304,1235,FI/CIV,1234
02:20 PM,IND202,1905,FI/IND,1234
02:20 PM,SEL900,2010,FI/TE,2
02:20 PM,SEL900,2009,FI/TE,1
02:20 PM,SEL903,2015,FI/TE,3
02:20 PM,SEL904,2016,FI/TE,4
02:20 PM,GST201,1920,GS/CP,456
02:20 PM,GST204,1910,GS/CPR,123
02:20 PM,GST302,1922,GS/CPR,456
02:20 PM,GST409,1936,GS/CR,12345
02:20 PM,EMP401,1553,HU/PO2,1234
03:40 PM,CON319,1679,01/107,1234
03:40 PM,COM427,2025,01/110,1234
03:40 PM,IND521,1222,01/205,12345
03:40 PM,EMP402,1556,01/209,1234
03:40 PM,MAT105,1593,01/303,12345
03:40 PM,DER306,1472,01/404,1234
03:40 PM,CIV417,1250,03/102,12345
03:40 PM,CIV505,1249,03/102,12345
03:40 PM,DER435,1471,03/103,1234
03:40 PM,SEL306,1257,03/203,12345
03:40 PM,SEL312,1253,03/203,12345
03:40 PM,CCC304,1567,03/303,1234
03:40 PM,DER208,1474,03/306,1234
03:40 PM,ECO415,1686,03/307,1234
03:40 PM,DER222,1475,03/308,1234
03:40 PM,MER314,1517,03/408,1234
03:40 PM,REL410,1428,03/408,1234
03:40 PM,MER206,1516,05/301,1234
03:40 PM,SEL402,1270,05/302,1234
03:40 PM,COM316,1836,05/303,1234
03:40 PM,SEL313,1372,05/402,12345
03:40 PM,ENE407,1198,05/403,1234
03:40 PM,BMD421,1330,05/404,1234
03:40 PM,NUE403,1305,05/503,12345
03:40 PM,IND432,1762,05/601,1234
03:40 PM,ADI104,1786,06/103,1234
03:40 PM,MAT209,1082,06/108,12345
03:40 PM,IND313,1906,06/303,1234
03:40 PM,ADI209,1784,06/304,1234
03:40 PM,LCC104,1164,06/305,1234
03:40 PM,TEL201,1966,06/307,1234
03:40 PM,TEL202,1324,06/307,1234
03:40 PM,COM216,1810,06/308,1234
03:40 PM,ADI301,1785,06/309,1234
03:40 PM,MDE305,1769,07/102,12345
03:40 PM,MDE211,1129,07/201,12345
03:40 PM,MDE201,1111,07/202,1234
03:40 PM,NUE204,1273,07/301,1234
03:40 PM,PSE420,1383,07/306,1234
03:40 PM,MDE208,1121,07/307,1234
03:40 PM,MDE202,1114,07/EF2,1234
03:40 PM,DCD303,1152,07/SM7,23
03:40 PM,DCD209,1988,07/SM8,13
03:40 PM,DCD203,1360,07/SM9,13
03:40 PM,DCD311,1350,CL/CLO,145
03:40 PM,DCD401,1315,CL/CLO,23
03:40 PM,DCD410,1354,CL/CLO,23
03:40 PM,EMP302,1548,HU/PO2,1234
05:10 PM,BMD311,1325,01/105,1234
05:10 PM,COM427,1817,01/110,1234
05:10 PM,MEC406,1224,01/204,12345
05:10 PM,MEC401,1223,01/205,1234
05:10 PM,DER321,1476,01/303,1234
05:10 PM,DER220,1479,01/403,1234
05:10 PM,DER423,1480,03/102,5
05:10 PM,DER326,1486,03/103,1234
05:10 PM,DER418,1953,03/103,1234
05:10 PM,TEL412,1261,03/203,1234
05:10 PM,CIV312,1252,03/206,1234
05:10 PM,CIV326,1251,03/206,1234
05:10 PM,DER311,1477,03/303,1234
05:10 PM,MER408,1518,03/304,1234
05:10 PM,DER212,1482,03/305,1234
05:10 PM,DER431,1481,03/306,1234
05:10 PM,LCP208,1944,03/411,5
05:10 PM,ENE417,1197,05/302,1234
05:10 PM,SEL301,1244,05/403,12345
05:10 PM,SEL311,1241,05/403,12345
05:10 PM,BMD417,1329,05/404,1234
05:10 PM,COM317,1833,06/102,1234
05:10 PM,MAT303,1081,06/108,1234
05:10 PM,IND433,1805,06/303,12345
05:10 PM,ADI208,1788,06/304,1234
05:10 PM,CCC308,1569,06/306,1234
05:10 PM,ADI305,1787,06/308,1234
05:10 PM,COM217,1824,06/309,1234
05:10 PM,COM430,2004,06/310,1234
05:10 PM,IND432,1763,FI/IND,1234
05:10 PM,SEL900,2012,FI/TE,2
05:10 PM,SEL900,2011,FI/TE,1
05:10 PM,SEL901,2014,FI/TE,4
05:10 PM,SEL901,2013,FI/TE,1
05:10 PM,GST107,1925,GS/CP,456
05:10 PM,GST206,1923,GS/CPR,123
05:10 PM,BMD428,1334,PG/BMD,1234
06:30 PM,MEC408,1225,01/203,1234
06:30 PM,DER312,1484,03/103,1234
06:30 PM,MER420,1519,03/204,1234
06:30 PM,TEL413,1262,03/205,1234
06:30 PM,CIV507,1258,03/206,1234
06:30 PM,BMD306,1327,03/207,1234
06:30 PM,COM313,1812,03/208,1234
06:30 PM,DER433,1485,03/303,1234
06:30 PM,DER314,1487,03/305,1234
06:30 PM,ENE405,1196,05/302,123
06:30 PM,CIV401,1230,06/302,1234
06:30 PM,LOG406,1798,06/303,1234
06:30 PM,COM430,1789,06/304,1234
06:30 PM,DGR403,2032,06/304,1234
06:30 PM,IND514,1802,FI/IND,12345
06:30 PM,REL204,1431,VA/REL,1234
06:30 PM,REL316,1945,VA/REL,1234
07:50 PM,TEL414,1263,05/403,1234
07:50 PM,COM431,1790,06/309,1234
,,,,
,,,,
,,,,
,,,,
,,,,
,,,,
,,,,
,,,,
,,,,
,,,,
,,,,
,,,,
,,,,
,,,,
,,,,
,,,,
,,,,
,,,,
,,,,
,,,,
,,,,
,,,,
,,,,
,,,,
,,,,
,,,,
,,,,
,,,,
,,,,
,,,,
,,,,
,,,,
,,,,
,,,,
,,,,
,,,,
,,,,
,,,,
,,,,
,,,,
,,,,
,,,,
,,,,
,,,,
,,,,
,,,,
,,,,
,,,,
,,,,
,,,,
